<?xml version="1.0" encoding="UTF-8"?>
<CustomField xmlns="http://soap.sforce.com/2006/04/metadata">
    <fullName>Location__c</fullName>
    <deprecated>false</deprecated>
    <externalId>false</externalId>
    <label>Position Location</label>
    <required>true</required>
    <trackTrending>false</trackTrending>
    <type>MultiselectPicklist</type>
    <valueSet>
        <restricted>true</restricted>
        <valueSetDefinition>
            <sorted>false</sorted>
            <value>
                <fullName>New York</fullName>
                <default>false</default>
                <label>New York</label>
            </value>
            <value>
                <fullName>London</fullName>
                <default>false</default>
                <label>London</label>
            </value>
            <value>
                <fullName>Kryzhopol</fullName>
                <default>false</default>
                <label>Kryzhopol</label>
            </value>
        </valueSetDefinition>
    </valueSet>
    <visibleLines>4</visibleLines>
</CustomField>
