<?xml version="1.0" encoding="UTF-8"?>
<CustomField xmlns="http://soap.sforce.com/2006/04/metadata">
    <fullName>Work_experience__c</fullName>
    <deprecated>false</deprecated>
    <externalId>false</externalId>
    <inlineHelpText>Work experience in years</inlineHelpText>
    <label>Work experience</label>
    <precision>2</precision>
    <required>false</required>
    <scale>0</scale>
    <trackTrending>false</trackTrending>
    <type>Number</type>
    <unique>false</unique>
</CustomField>
