<?xml version="1.0" encoding="UTF-8"?>
<CustomField xmlns="http://soap.sforce.com/2006/04/metadata">
    <fullName>Interview_Type__c</fullName>
    <deprecated>false</deprecated>
    <externalId>false</externalId>
    <label>Interview Type</label>
    <required>true</required>
    <trackTrending>false</trackTrending>
    <type>Picklist</type>
    <valueSet>
        <valueSetDefinition>
            <sorted>false</sorted>
            <value>
                <fullName>Personal interview</fullName>
                <default>true</default>
                <label>Personal interview</label>
            </value>
            <value>
                <fullName>Technical interview</fullName>
                <default>false</default>
                <label>Technical interview</label>
            </value>
            <value>
                <fullName>English interview</fullName>
                <default>false</default>
                <label>English interview</label>
            </value>
        </valueSetDefinition>
    </valueSet>
</CustomField>
