<?xml version="1.0" encoding="UTF-8"?>
<CustomField xmlns="http://soap.sforce.com/2006/04/metadata">
    <fullName>Interview_result__c</fullName>
    <deprecated>false</deprecated>
    <externalId>false</externalId>
    <inlineHelpText>Interview evaluation in points 0-10</inlineHelpText>
    <label>Interview result</label>
    <precision>2</precision>
    <required>true</required>
    <scale>0</scale>
    <trackTrending>false</trackTrending>
    <type>Number</type>
    <unique>false</unique>
</CustomField>
