<?xml version="1.0" encoding="UTF-8"?>
<CustomField xmlns="http://soap.sforce.com/2006/04/metadata">
    <fullName>JobApp__c</fullName>
    <deprecated>false</deprecated>
    <externalId>false</externalId>
    <label>JobApp</label>
    <referenceTo>JobApp__c</referenceTo>
    <relationshipLabel>Reviews</relationshipLabel>
    <relationshipName>Reviews</relationshipName>
    <relationshipOrder>0</relationshipOrder>
    <reparentableMasterDetail>false</reparentableMasterDetail>
    <trackTrending>false</trackTrending>
    <type>MasterDetail</type>
    <writeRequiresMasterRead>false</writeRequiresMasterRead>
</CustomField>
