<?xml version="1.0" encoding="UTF-8"?>
<RecordType xmlns="http://soap.sforce.com/2006/04/metadata">
    <fullName>IT_Position</fullName>
    <active>true</active>
    <label>IT-Position</label>
    <picklistValues>
        <picklist>Location__c</picklist>
        <values>
            <fullName>Kryzhopol</fullName>
            <default>false</default>
        </values>
        <values>
            <fullName>London</fullName>
            <default>false</default>
        </values>
        <values>
            <fullName>New York</fullName>
            <default>false</default>
        </values>
    </picklistValues>
    <picklistValues>
        <picklist>Skills__c</picklist>
        <values>
            <fullName>Java</fullName>
            <default>false</default>
        </values>
        <values>
            <fullName>JavaScript</fullName>
            <default>false</default>
        </values>
        <values>
            <fullName>SQL</fullName>
            <default>false</default>
        </values>
        <values>
            <fullName>english</fullName>
            <default>true</default>
        </values>
    </picklistValues>
    <picklistValues>
        <picklist>Status__c</picklist>
        <values>
            <fullName>Closed</fullName>
            <default>false</default>
        </values>
        <values>
            <fullName>Opened</fullName>
            <default>false</default>
        </values>
    </picklistValues>
</RecordType>
