<?xml version="1.0" encoding="UTF-8"?>
<LightningComponentBundle xmlns="http://soap.sforce.com/2006/04/metadata">
    <apiVersion>48.0</apiVersion>
    <targets>
        <target>lightning__AppPage</target>
    </targets>
    <targetConfigs>
        <targetConfig targets="lightning__AppPage">
            <property
                    name="positionsPerPage"
                    type="Integer"
                    label="Positions per page"
                    default="5" />
        </targetConfig>
    </targetConfigs>
    <isExposed>true</isExposed>
</LightningComponentBundle>