<?xml version="1.0" encoding="UTF-8"?>
<PermissionSet xmlns="http://soap.sforce.com/2006/04/metadata">
    <applicationVisibilities>
        <application>Job_Application</application>
        <visible>true</visible>
    </applicationVisibilities>
    <fieldPermissions>
        <editable>false</editable>
        <field>Candidate__c.Birth_Date__c</field>
        <readable>false</readable>
    </fieldPermissions>
    <fieldPermissions>
        <editable>false</editable>
        <field>Candidate__c.Relocation_Ability__c</field>
        <readable>false</readable>
    </fieldPermissions>
    <fieldPermissions>
        <editable>false</editable>
        <field>JobApp__c.Average_Mark__c</field>
        <readable>true</readable>
    </fieldPermissions>
    <fieldPermissions>
        <editable>false</editable>
        <field>JobApp__c.Description__c</field>
        <readable>true</readable>
    </fieldPermissions>
    <fieldPermissions>
        <editable>false</editable>
        <field>JobApp__c.Number_of_Interviews__c</field>
        <readable>true</readable>
    </fieldPermissions>
    <fieldPermissions>
        <editable>false</editable>
        <field>JobApp__c.Points_Sum__c</field>
        <readable>true</readable>
    </fieldPermissions>
    <fieldPermissions>
        <editable>false</editable>
        <field>Position__c.Date_Closed__c</field>
        <readable>false</readable>
    </fieldPermissions>
    <fieldPermissions>
        <editable>false</editable>
        <field>Position__c.Max_Salary__c</field>
        <readable>false</readable>
    </fieldPermissions>
    <fieldPermissions>
        <editable>false</editable>
        <field>Position__c.Min_Salary__c</field>
        <readable>false</readable>
    </fieldPermissions>
    <fieldPermissions>
        <editable>false</editable>
        <field>Position__c.Skills__c</field>
        <readable>false</readable>
    </fieldPermissions>
    <fieldPermissions>
        <editable>false</editable>
        <field>Position__c.Work_experience__c</field>
        <readable>false</readable>
    </fieldPermissions>
    <fieldPermissions>
        <editable>true</editable>
        <field>Review__c.Description__c</field>
        <readable>true</readable>
    </fieldPermissions>
    <hasActivationRequired>false</hasActivationRequired>
    <label>Interviewer</label>
    <objectPermissions>
        <allowCreate>false</allowCreate>
        <allowDelete>true</allowDelete>
        <allowEdit>true</allowEdit>
        <allowRead>true</allowRead>
        <modifyAllRecords>true</modifyAllRecords>
        <object>JobApp__c</object>
        <viewAllRecords>true</viewAllRecords>
    </objectPermissions>
    <objectPermissions>
        <allowCreate>true</allowCreate>
        <allowDelete>false</allowDelete>
        <allowEdit>true</allowEdit>
        <allowRead>true</allowRead>
        <modifyAllRecords>false</modifyAllRecords>
        <object>Review__c</object>
        <viewAllRecords>true</viewAllRecords>
    </objectPermissions>
    <pageAccesses>
        <apexPage>RecruitingSettings</apexPage>
        <enabled>true</enabled>
    </pageAccesses>
    <tabSettings>
        <tab>JobApp__c</tab>
        <visibility>Available</visibility>
    </tabSettings>
    <tabSettings>
        <tab>Review__c</tab>
        <visibility>Visible</visibility>
    </tabSettings>
    <userPermissions>
        <enabled>true</enabled>
        <name>ViewRoles</name>
    </userPermissions>
    <userPermissions>
        <enabled>true</enabled>
        <name>ViewSetup</name>
    </userPermissions>
</PermissionSet>
