<?xml version="1.0" encoding="UTF-8"?>
<CustomField xmlns="http://soap.sforce.com/2006/04/metadata">
    <fullName>Average_Mark__c</fullName>
    <deprecated>false</deprecated>
    <externalId>false</externalId>
    <formula>Points_Sum__c /  Number_of_Interviews__c</formula>
    <formulaTreatBlanksAs>BlankAsZero</formulaTreatBlanksAs>
    <label>Average Mark</label>
    <precision>18</precision>
    <required>false</required>
    <scale>2</scale>
    <trackTrending>false</trackTrending>
    <type>Number</type>
    <unique>false</unique>
</CustomField>
