<?xml version="1.0" encoding="UTF-8"?>
<CustomField xmlns="http://soap.sforce.com/2006/04/metadata">
    <fullName>Position__c</fullName>
    <deleteConstraint>Restrict</deleteConstraint>
    <deprecated>false</deprecated>
    <externalId>false</externalId>
    <label>Position</label>
    <lookupFilter>
        <active>true</active>
        <errorMessage>Position closed</errorMessage>
        <filterItems>
            <field>Position__c.Status__c</field>
            <operation>equals</operation>
            <value>Opened</value>
        </filterItems>
        <isOptional>false</isOptional>
    </lookupFilter>
    <referenceTo>Position__c</referenceTo>
    <relationshipLabel>JobApps</relationshipLabel>
    <relationshipName>JobApps</relationshipName>
    <required>true</required>
    <trackTrending>false</trackTrending>
    <type>Lookup</type>
</CustomField>
