<?xml version="1.0" encoding="UTF-8"?>
<FieldSet xmlns="http://soap.sforce.com/2006/04/metadata">
    <fullName>Position_detail_fields</fullName>
    <description>Fields for detail component</description>
    <displayedFields>
        <field>Name</field>
        <isFieldManaged>false</isFieldManaged>
        <isRequired>false</isRequired>
    </displayedFields>
    <displayedFields>
        <field>Status__c</field>
        <isFieldManaged>false</isFieldManaged>
        <isRequired>false</isRequired>
    </displayedFields>
    <displayedFields>
        <field>Location__c</field>
        <isFieldManaged>false</isFieldManaged>
        <isRequired>false</isRequired>
    </displayedFields>
    <displayedFields>
        <field>Contacts__c</field>
        <isFieldManaged>false</isFieldManaged>
        <isRequired>false</isRequired>
    </displayedFields>
    <displayedFields>
        <field>Description__c</field>
        <isFieldManaged>false</isFieldManaged>
        <isRequired>false</isRequired>
    </displayedFields>
    <displayedFields>
        <field>Requirements__c</field>
        <isFieldManaged>false</isFieldManaged>
        <isRequired>false</isRequired>
    </displayedFields>
    <displayedFields>
        <field>Skills__c</field>
        <isFieldManaged>false</isFieldManaged>
        <isRequired>false</isRequired>
    </displayedFields>
    <displayedFields>
        <field>Work_experience__c</field>
        <isFieldManaged>false</isFieldManaged>
        <isRequired>false</isRequired>
    </displayedFields>
    <displayedFields>
        <field>CreatedById</field>
        <isFieldManaged>false</isFieldManaged>
        <isRequired>false</isRequired>
    </displayedFields>
    <displayedFields>
        <field>LastModifiedById</field>
        <isFieldManaged>false</isFieldManaged>
        <isRequired>false</isRequired>
    </displayedFields>
    <label>Position detail fields</label>
</FieldSet>
