<?xml version="1.0" encoding="UTF-8"?>
<FieldSet xmlns="http://soap.sforce.com/2006/04/metadata">
    <fullName>Position_short_info</fullName>
    <description>Short information about position</description>
    <displayedFields>
        <field>Name</field>
        <isFieldManaged>false</isFieldManaged>
        <isRequired>false</isRequired>
    </displayedFields>
    <displayedFields>
        <field>Status__c</field>
        <isFieldManaged>false</isFieldManaged>
        <isRequired>false</isRequired>
    </displayedFields>
    <displayedFields>
        <field>Location__c</field>
        <isFieldManaged>false</isFieldManaged>
        <isRequired>false</isRequired>
    </displayedFields>
    <displayedFields>
        <field>Skills__c</field>
        <isFieldManaged>false</isFieldManaged>
        <isRequired>false</isRequired>
    </displayedFields>
    <displayedFields>
        <field>Requirements__c</field>
        <isFieldManaged>false</isFieldManaged>
        <isRequired>false</isRequired>
    </displayedFields>
    <label>Position short info</label>
</FieldSet>
