<?xml version="1.0" encoding="UTF-8"?>
<CustomApplication xmlns="http://soap.sforce.com/2006/04/metadata">
    <brand>
        <headerColor>#0070D2</headerColor>
        <shouldOverrideOrgTheme>false</shouldOverrideOrgTheme>
    </brand>
    <formFactors>Large</formFactors>
    <isNavAutoTempTabsDisabled>false</isNavAutoTempTabsDisabled>
    <isNavPersonalizationDisabled>false</isNavPersonalizationDisabled>
    <label>Job Application</label>
    <navType>Standard</navType>
    <tabs>Positions_Cards</tabs>
    <tabs>Candidate__c</tabs>
    <tabs>Position__c</tabs>
    <tabs>JobAppPage</tabs>
    <tabs>positionsTableLWC</tabs>
    <tabs>PositionsTable</tabs>
    <tabs>Settings</tabs>
    <uiType>Lightning</uiType>
    <utilityBar>Job_Application_UtilityBar</utilityBar>
</CustomApplication>
