<?xml version="1.0" encoding="UTF-8"?>
<ListView xmlns="http://soap.sforce.com/2006/04/metadata">
    <fullName>Closed_Positions</fullName>
    <columns>NAME</columns>
    <columns>Status__c</columns>
    <columns>Location__c</columns>
    <columns>Max_Salary__c</columns>
    <columns>Min_Salary__c</columns>
    <columns>Date_Opened__c</columns>
    <columns>Date_Closed__c</columns>
    <columns>Requirements__c</columns>
    <columns>Skills__c</columns>
    <columns>Work_experience__c</columns>
    <columns>Description__c</columns>
    <columns>Contacts__c</columns>
    <filterScope>Everything</filterScope>
    <filters>
        <field>Status__c</field>
        <operation>equals</operation>
        <value>Closed</value>
    </filters>
    <label>Closed Positions</label>
</ListView>
